{
    "source": {
        "include": [ "./src/", "index.js" ],
        //"exclude": [ "" ],
        "includePattern": ".+\\.js(doc)?$",
        "excludePattern": "(^|\\/|\\\\)_"
    },
    "opts": {
        "destination": "./jsdoc/"         // same as -d ./out/
    },
    "tags": {
        "allowUnknownTags": true
    },
    "plugins": ["plugins/markdown"],
    "templates": {
        "logoFile": "",
        "cleverLinks": false,
        "monospaceLinks": false,
        "dateFormat": "ddd MMM Do YYYY",
        "outputSourceFiles": true,
        "outputSourcePath": true,
        "systemName": "DocStrap",
        "footer": "",
        "copyright": "DocStrap Copyright © 2012-2015 The contributors to the JSDoc3 and DocStrap projects.",
        "navType": "vertical",
        "theme": "cyborg",
        "linenums": true,
        "collapseSymbols": false,
        "inverseNav": true,
        "protocol": "html://",
        "methodHeadingReturns": false
    },
    "markdown": {
        "parser": "gfm",
        "hardwrap": true
    }
}
